{
  "learning_rate": 4.9172329721301304e-05,
  "n_steps": 256,
  "batch_size": 64,
  "n_epochs": 7,
  "gamma": 0.984751962024094,
  "gae_lambda": 0.9597299915109698,
  "clip_range": 0.15061803536952068,
  "ent_coef": 0.09750182224715259
}